ARG,ID,RESULTNAME,DATENTYP,L/H,EINHEIT,NAME,MUL,DIV,ADD,説明(日本語)
N,0x5800,STAT_MOTORDREHZAHL_WERT,signed int,high,U/min,-,1,1,0,エンジン回転数
RF_M,0x5801,STAT_RELATIVE_FUELLUNG_WERT,signed int,high,-,-,1,10000,0,相対充填率(体積効率、全体)
TMOT,0x5802,STAT_MOTORTEMPERATUR_WERT,signed int,high,°C,-,1,10,-273.2,エンジン(冷却水)温度
UB,0x5803,STAT_BATTERIESPANNUNG_KL87_WERT,signed int,high,Volt,-,1,10,0,バッテリー電圧(端子87系統)
ML_GES,0x5804,STAT_LUFTMASSENSTROM_BANK_1_UND_BANK_2_WERT,signed int,high,kg/h,-,1,10,0,吸入空気質量流量(バンク1+2合計)
TGETR,0x5805,STAT_GETRIEBETEMPERATUR_WERT,signed int,high,°C,-,1,10,-273.2,トランスミッション油温
MVAC_P,0x5806,STAT_SENSORUNTERDRUCK_BREMSKRAFTVERSTAERKER_WERT,signed int,high,mbar,-,1,16,0,ブレーキブースター負圧センサーの値
TAN_B1,0x5807,STAT_ANSAUGLUFTTEMPERATUR_BANK_1_WERT,signed int,high,°C,-,1,10,-273.2,吸気温度(バンク1)
TAN_B2,0x5808,STAT_ANSAUGLUFTTEMPERATUR_BANK_2_WERT,signed int,high,°C,-,1,10,-273.2,吸気温度(バンク2)
PKS_REL,0x5809,STAT_KRAFTSTOFFDRUCK_RELATIV_WERT,signed int,high,bar,-,1,1000,0,燃料圧力(インマニ圧に対する相対値)
TIME_ML,0x580A,STAT_MOTORLAUFZEIT_WERT,unsigned int,high,s,-,128,100,0,エンジン稼働時間(今回始動からの経過時間)
ZUSTAND_MOTOR,0x580B,STAT_MOTORZUSTAND_WERT,unsigned int,high,0-n,zust_equ,1,1,0,エンジンの状態(動作ステートマシン)
TDME,0x580C,STAT_STEUERGERAETETEMPERATUR_WERT,signed int,high,°C,-,1,10,-273.2,DME(ECU)内部温度
EGAS_IST_LLS_B1,0x580D,STAT_LEERLAUFSTELLER_ISTWERT_BANK_1_WERT,signed int,high,%,-,1,10,0,アイドルアクチュエータの実測開度(バンク1)
EGAS_IST_LLS_B2,0x580E,STAT_LEERLAUFSTELLER_ISTWERT_BANK_2_WERT,signed int,high,%,-,1,10,0,アイドルアクチュエータの実測開度(バンク2)
EGAS_IST_DK_B1,0x580F,STAT_DROSSELKLAPPE_ISTWERT_BANK1_WERT,signed int,high,%,-,1,10,0,スロットル開度の実測値(バンク1)
EGAS_IST_DK_B2,0x5810,STAT_DROSSELKLAPPE_ISTWERT_BANK2_WERT,signed int,high,%,-,1,10,0,スロットル開度の実測値(バンク2)
EGAS_SOLL_LLS_B1,0x5811,STAT_LEERLAUFSTELLER_SOLLWERT_BANK_1_WERT,signed int,high,%,-,1,10,0,アイドルアクチュエータの目標開度(バンク1)
EGAS_SOLL_LLS_B2,0x5812,STAT_LEERLAUFSTELLER_SOLLWERT_BANK_2_WERT,signed int,high,%,-,1,10,0,アイドルアクチュエータの目標開度(バンク2)
EGAS_SOLL_DK_B1,0x5813,STAT_DROSSELKLAPPE_SOLLWERT_BANK_1_WERT,signed int,high,%,-,1,10,0,スロットル開度の目標値(バンク1)
EGAS_SOLL_DK_B2,0x5814,STAT_DROSSELKLAPPE_SOLLWERT_BANK_2_WERT,signed int,high,%,-,1,10,0,スロットル開度の目標値(バンク2)
UEXT_B1,0x5815,STAT_VERSORGUNGSSPANNUNG_1_WERT,unsigned int,high,Volt,-,5,49152,0,外部供給電圧1
UEXT_B2,0x5816,STAT_VERSORGUNGSSPANNUNG_2_WERT,unsigned int,high,Volt,-,5,49152,0,外部供給電圧2
MD_KUPP_IST,0x5817,STAT_ISTMOMENT_WERT,signed int,high,Nm,-,1,10,0,クラッチの実伝達トルク
PWG_SOLL,0x5818,STAT_PEDALWERTGEBER_SOLLWERT_WERT,signed int,high,%,-,1,10,0,アクセルペダル開度の目標値
V_VORNE,0x5819,STAT_VORDERACHSGESCHWINDIGKEIT_WERT,signed int,high,km/h,-,1,16,0,前軸(フロントアクスル)車速
V_HINTEN,0x581A,STAT_HINTERACHSGESCHWINDIGKEIT_WERT,signed int,high,km/h,-,1,16,0,後軸(リアアクスル)車速
GANG,0x581B,STAT_ISTGANG_WERT,signed int,high,Gang,-,1,1,0,現在のギア段(実測)
TOEL,0x581C,STAT_OELTEMPERATUR_WERT,signed int,high,°C,-,1,10,-273.2,エンジンオイル温度
TUMG,0x581D,STAT_UMGEBUNGSTEMPERATUR_WERT,signed int,high,°C,-,1,10,-273.2,外気温度
KAT_OBD_WERT_NV_B1,0x581E,STAT_KAT_DIAGNOSEWERT_BANK_1_WERT,unsigned int,high,-,-,1,16384,0,触媒のOBD診断値(バンク1)
KAT_OBD_WERT_NV_B2,0x581F,STAT_KAT_DIAGNOSEWERT_BANK_2_WERT,unsigned int,high,-,-,1,16384,0,触媒のOBD診断値(バンク2)
TABG_NKAT_B1,0x5820,STAT_ABGASTEMPERATUR_NACH_KAT_BANK_1_WERT,signed int,high,°C,-,1,10,-273.2,触媒後の排気温度(バンク1)
TABG_NKAT_B2,0x5821,STAT_ABGASTEMPERATUR_NACH_KAT_BANK_2_WERT,signed int,high,°C,-,1,10,-273.2,触媒後の排気温度(バンク2)
SK_URSACHE,0x5822,STAT_SICHERHEITSKONZEPT_URSACHE_WERT,unsigned int,high,0-n,sk_equ,1,1,0,セーフティコンセプト作動の要因コード
SYS_SG_FEHLER,0x5823,STAT_STEUERGERAET_INTERNE_FEHLERNUMMER_WERT,unsigned int,high,0-n,sg_err_equ,1,1,0,ECU内部の故障番号
TIME_MS,0x5824,STAT_MOTORSTANDZEIT_WERT,unsigned int,high,s,-,1,1,0,エンジン停止経過時間
PUMG,0x5825,STAT_UMGEBUNGSDRUCK_WERT,signed int,high,mbar,-,1,16,0,外気圧(大気圧)
SK_E2_FEHLER,0x5826,STAT_EBENE_2_FEHLERNUMMER_WERT,unsigned int,high,0-n,e2_err_equ,1,1,0,セーフティコンセプト レベル2の故障番号
LAM_IST_MW_B1,0x5827,STAT_LAMBDA_ISTWERT_VOR_KAT_BANK_1_WERT,unsigned int,high,-,-,1,16384,0,触媒前ラムダの実測値(バンク1)
LAM_IST_MW_B2,0x5828,STAT_LAMBDA_ISTWERT_VOR_KAT_BANK_2_WERT,unsigned int,high,-,-,1,16384,0,触媒前ラムダの実測値(バンク2)
LAM_SOLL_B1,0x5829,STAT_LAMBDA_SOLLWERT_VOR_KAT_BANK_1_WERT,unsigned int,high,-,-,1,16384,0,触媒前ラムダの目標値(バンク1)
LAM_SOLL_B2,0x582A,STAT_LAMBDA_SOLLWERT_VOR_KAT_BANK_2_WERT,unsigned int,high,-,-,1,16384,0,触媒前ラムダの目標値(バンク2)
ZUST_TMOT_START,0x582B,STAT_MOTORTEMPERATUR_IM_ZUSTAND_START_WERT,signed int,high,°C,-,1,10,-273.2,始動時点のエンジン(冷却水)温度
TMOT_ABSTELL_NV,0x582C,STAT_ABSTELLTEMPERATUR_DES_MOTORS_WERT,signed int,high,°C,-,1,10,-273.2,エンジン停止時に記憶した温度
MD_CAN_KKOS_MAX,0x582D,STAT_MAXIMALES_VERFUEGBARES_MOMENT_FUER_KKOS_WERT,signed int,high,Nm,-,1,10,0,エアコンコンプレッサーに割り当て可能な最大トルク
KWP_FETRAWE_ST,0x582F,STAT_ENERGIESPARMODE_WERT,unsigned int,high,0-n,fetrawe_equ,1,1,0,省電力モードの状態
RF_B1,0x5830,STAT_RELATIVE_FUELLUNG_BANK_1_WERT,signed int,high,-,-,1,10000,0,相対充填率(体積効率、バンク1)
RF_B2,0x5831,STAT_RELATIVE_FUELLUNG_BANK_2_WERT,signed int,high,-,-,1,10000,0,相対充填率(体積効率、バンク2)
AUSS_ST_B1,0x5832,STAT_AKTIVIERUNG_AUSSETZERERKENNUNG_BANK_1_WERT,unsigned int,high,-,-,1,1,0,失火検知機能の有効化状態(バンク1)
AUSS_ST_B2,0x5833,STAT_AKTIVIERUNG_AUSSETZERERKENNUNG_BANK_2_WERT,unsigned int,high,-,-,1,1,0,失火検知機能の有効化状態(バンク2)
AUSS_ERK,0x5834,STAT_ZUSTANDSVARIABLE_AUSSETZERERKENNUNG_WERT,unsigned int,high,-,-,1,1,0,失火検知ロジックの状態変数
KA_DTZ_SUM_ALL,0x5835,STAT_SUMMENZUENDWINKELVERSTELLUNG_KLOPFADAPTION_WERT,signed int,high,°KW,-,1,10,0,ノック学習による点火時期補正量の合計(全気筒)
KA_DTZ_SUM_B1,0x5836,STAT_SUMMENZUENDWINKELVERSTELLUNG_KLOPFADAPTION_BANK_1_WERT,signed int,high,°KW,-,1,10,0,ノック学習による点火時期補正量の合計(バンク1)
KA_DTZ_SUM_B2,0x5837,STAT_SUMMENZUENDWINKELVERSTELLUNG_KLOPFADAPTION_BANK_2_WERT,signed int,high,°KW,-,1,10,0,ノック学習による点火時期補正量の合計(バンク2)
KR_DTZ_SUM_B1,0x5838,STAT_ZUENDWINKELEINGRIFF_KLOPFREGELUNG_BANK_1_WERT,signed int,high,°KW,-,1,10,0,ノックコントロールによる点火時期介入量(バンク1合計)
KR_DTZ_SUM_B2,0x5839,STAT_ZUENDWINKELEINGRIFF_KLOPFREGELUNG_BANK_2_WERT,signed int,high,°KW,-,1,10,0,ノックコントロールによる点火時期介入量(バンク2合計)
SCHALTER_ST_INJ,0x583D,STAT_SCHALTERSTATUS_INJ-PROZESSOR_WERT,unsigned int,high,-,-,1,1,0,噴射制御プロセッサのスイッチ入力状態
SCHALTER_ST_IGN,0x583E,STAT_SCHALTERSTATUS_IGN-PROZESSOR_WERT,unsigned int,high,-,-,1,1,0,点火制御プロセッサのスイッチ入力状態
SW_CFG_BETRIEBSMODE_EXD,0x583F,STAT_BETRIEBSMODEEINSTELLUNG_PER_TESTER_WERT,unsigned int,high,-,-,1,1,0,診断機(テスター)による動作モード設定
EGAS_IST_WDK_B1,0x5840,STAT_DROSSELKLAPPE_ISTWERT_ANALOG_BANK_1_WERT,signed int,high,%,-,1,10,0,スロットル開度の実測値(アナログ、バンク1)
EGAS_IST_WDK_B2,0x5841,STAT_DROSSELKLAPPE_ISTWERT_ANALOG_BANK_2_WERT,signed int,high,%,-,1,10,0,スロットル開度の実測値(アナログ、バンク2)
CAN_BRP,0x5842,STAT_BREMSDRUCK_VOM_DSC_WERT,unsigned int,high,bar,-,1,1,0,ブレーキ圧(DSC/ABSユニットから受信)
CAN_KKOS_MD,0x5843,STAT_MOMENTENAUFNAHME_KLIMAKOMPRESSOR_WERT,signed int,high,Nm,-,1,2,0,エアコンコンプレッサーの負荷トルク
SLP_ST,0x5844,STAT_SEKUNDAERLUFTPUMPENSTATUS_WERT,unsigned int,high,0-n,slp_st_equ,1,1,0,二次空気(エアインジェクション)ポンプの状態
KH_ST,0x5846,STAT_KATHEIZSTATUS_WERT,unsigned int,high,-,-,1,1,0,触媒暖機(キャットヒート)制御の状態
CAN_AX,0x5847,STAT_LAENGSBESCHLEUNIGUNG_DSC_WERT,signed int,high,m/s*s,-,1,40,0,前後(縦)方向の加速度(DSCから受信)
CAN_AY,0x5848,STAT_QUERBESCHLEUNIGUNG_DSC_WERT,signed int,high,m/s*s,-,1,40,0,左右(横)方向の加速度(DSCから受信)
CAN_BRP_GRAD,0x5849,STAT_BREMSDRUCKGRADIENT_WERT,signed int,high,bar/s,-,50,1,0,ブレーキ圧の変化率
ELUP_ED_ST,0x584A,STAT_FEHLERART_ELEKTRISCHE_UNTERDRUCKPUMPE_WERT,unsigned int,high,-,-,1,1,0,電動負圧ポンプの故障種別
MVAC_ED_ST,0x584B,STAT_FEHLERART_UNTERDRUCKSENSOR_MASTERVAC_WERT,unsigned int,high,-,-,1,1,0,ブレーキブースター負圧センサーの故障種別
MVAC_AQ_BRE,0x584C,STAT_AQ-OFFSET_DURCH_MASTERVAC_AUF_LL-STELLER_BANK_2_WERT,unsigned int,high,qmm,-,1,10,0,ブレーキブースター(マスターバック)によるアイドルアクチュエータへの開口面積オフセット補正(バンク2)
ML_B1,0x584D,STAT_LUFTMASSENSTROM_BANK_1_WERT,signed int,high,kg/h,-,1,10,0,吸入空気質量流量(バンク1)
ML_B2,0x584E,STAT_LUFTMASSENSTROM_BANK_2_WERT,signed int,high,kg/h,-,1,10,0,吸入空気質量流量(バンク2)
MVAC_RF_SR,0x584F,STAT_EINFLUSS_RF_DURCH_MASTERVAC_BANK_2_WERT,signed int,high,-,-,1,10000,0,ブレーキブースター(マスターバック)による充填率への影響量(バンク2)
MD_KUPP_MAX,0x5850,STAT_MAXIMALES_KUPPLUNGSMOMENT_WERT,signed int,high,Nm,-,1,10,0,クラッチの最大伝達可能トルク
N_BEGR_EGAS,0x5851,STAT_DREHZAHLBEGRENZER_UEBER_MOMENTENEINGRIFF_WERT,signed int,high,Upm,-,1,1,0,トルク介入による回転数リミッター作動状態
MDRV_ST_DME,0x5852,STAT_MDRIVE-STATUS_DER_DME_WERT,unsigned int,high,-,-,1,1,0,M Driveモードの状態(DME側)
MVAC_PDIFF_UM,0x5853,STAT_MODELLUNTERDRUCK_BREMSKRAFTVERSTAERKER_WERT,signed int,high,mbar,-,1,16,0,ブレーキブースター負圧のモデル推定値
CAN_KKOS_ST,0x5854,STAT_LEERLAUFDREHZAHLANHEBUNG_DURCH_KLIMA_WERT,unsigned int,high,-,-,1,1,0,エアコン使用によるアイドル回転数上昇要求
SA_WE_ST,0x5855,STAT_SCHUBABSCHALTEN/-WIEDEREINSETZ_STATUS_WERT,unsigned int,high,0-n,sa_we_st_equ,1,1,0,減速時燃料カット/復帰の状態
ZUSTAND_FAHRZEUG,0x5856,STAT_ZUSTAND_FAHRZEUG_WERT,unsigned int,high,0-n,zust_fzg_equ,1,1,0,車両全体の状態(動作ステートマシン)
GANG_N_VERH,0x5857,STAT_GETRIEBEEINGANGSDREHZAHL/GETRIEBEABTRIEBSDREHZAHL_WERT,signed int,high,-,-,1,1024,0,変速機の入力/出力回転数比(実ギア比)
GANG_BERECH,0x5858,STAT_BERECHNETER_GANG_WERT,signed int,high,-,-,1,1,0,演算により推定された現在のギア段
N_GETR_EIN,0x5859,STAT_GETRIEBEEINGANGSDREHZAHL_WERT,signed int,high,U/min,-,1,1,0,変速機の入力軸回転数
N_GETR_ABTRIEB,0x585A,STAT_GETRIEBEABTRIEBSDREHZAHL_WERT,signed int,high,U/min,-,1,1,0,変速機の出力軸回転数
TUMG_ERSATZ,0x585B,STAT_ERSATZWERT_DER_UMGEBUNGSTEMPERATUR_WERT,signed int,high,°C,-,1,10,-273.2,外気温センサー異常時の代替(推定)値
LANK_US_B1,0x5C00,STAT_SONDENSPANNUNG_NACH_KAT_BANK_1_WERT,unsigned int,high,mV,-,5000,1024,0,触媒後O2センサー電圧(バンク1)
LANK_US_B2,0x5C01,STAT_SONDENSPANNUNG_NACH_KAT_BANK_2_WERT,unsigned int,high,mV,-,5000,1024,0,触媒後O2センサー電圧(バンク2)
LANK_OBD_S_ST_B1,0x5C02,STAT_OBD_SCHWINGUNGSDIAGNOSE_NACH_KAT_BANK_1_WERT,unsigned int,high,-,-,1,1,0,触媒後センサー振動診断の状態(バンク1、OBD)
LANK_OBD_S_ST_B2,0x5C03,STAT_OBD_SCHWINGUNGSDIAGNOSE_NACH_KAT_BANK_2_WERT,unsigned int,high,-,-,1,1,0,触媒後センサー振動診断の状態(バンク2、OBD)
LSHNK_DIAG_R_GMW_NV_B1,0x5C04,STAT_GEMITTELTER_HEIZERWIDERSTAND_NACH_KAT_BANK_1_WERT,unsigned int,high,Ohm,-,1,10,0,触媒後O2センサーヒーターの平均抵抗値(バンク1)
LSHNK_DIAG_R_GMW_NV_B2,0x5C05,STAT_GEMITTELTER_HEIZERWIDERSTAND_NACH_KAT_BANK_2_WERT,unsigned int,high,Ohm,-,1,10,0,触媒後O2センサーヒーターの平均抵抗値(バンク2)
LAM_B1_LAVK_AD,0x5C06,STAT_AD_WANDLER_SONDENSIGNAL_VOR_KAT_BANK_1_WERT,unsigned int,high,mV,-,5000,1024,0,触媒前O2センサー信号のAD変換値(バンク1)
LAM_B2_LAVK_AD,0x5C07,STAT_AD_WANDLER_SONDENSIGNAL_VOR_KAT_BANK_2_WERT,unsigned int,high,mV,-,5000,1024,0,触媒前O2センサー信号のAD変換値(バンク2)
LAVK_OBD_DYN_WERT_NV_B1,0x5C08,STAT_GEMITTELTES_NORMIERTES_INTEGRAL_-_SONDE_VOR_KAT_BANK_1_WERT,unsigned int,high,-,-,1,16384,0,触媒前センサー動的診断の正規化積分平均値(バンク1)
LAVK_OBD_DYN_WERT_NV_B2,0x5C09,STAT_GEMITTELTES_NORMIERTES_INTEGRAL_-_SONDE_VOR_KAT_BANK_2_WERT,unsigned int,high,-,-,1,16384,0,触媒前センサー動的診断の正規化積分平均値(バンク2)
PKS_SOLL,0x5C0A,STAT_KRAFTSTOFFSOLLDRUCK_WERT,signed int,high,bar,-,1,1000,0,燃料圧力の目標値
LSHVK_B1_R_MESS_KORR,0x5C0B,STAT_KORR_GEFILTERTER_AD_WERT_SONDENWIDERSTAND_VOR_KAT_BANK_1_WERT,unsigned int,high,mV,-,5000,1024,0,触媒前センサー抵抗の補正・フィルタ後AD値(バンク1)
LSHVK_B2_R_MESS_KORR,0x5C0C,STAT_KORR_GEFILTERTER_AD_WERT_SONDENWIDERSTAND_VOR_KAT_BANK_2_WERT,unsigned int,high,mV,-,5000,1024,0,触媒前センサー抵抗の補正・フィルタ後AD値(バンク2)
LSHVK_DIAG_R_GMW_NV_B1,0x5C0D,STAT_GEMITTELTER_HEIZERWIDERSTAND_VOR_KAT_BANK_1_WERT,unsigned int,high,Ohm,-,1,10,0,触媒前O2センサーヒーターの平均抵抗値(バンク1)
LSHVK_DIAG_R_GMW_NV_B2,0x5C0E,STAT_GEMITTELTER_HEIZERWIDERSTAND_VOR_KAT_BANK_2_WERT,unsigned int,high,Ohm,-,1,10,0,触媒前O2センサーヒーターの平均抵抗値(バンク2)
LAVK_ATIC42_DIAG_BYTE_B1,0x5C0F,STAT_ATIC42_DIAGNOSEBYTE_SONDE_VOR_KAT_BANK_1_WERT,unsigned int,high,-,-,1,1,0,触媒前O2センサー用ICドライバ(ATIC42)の診断バイト(バンク1)
LAVK_ATIC42_DIAG_BYTE_B2,0x5C10,STAT_ATIC42_DIAGNOSEBYTE_SONDE_VOR_KAT_BANK_2_WERT,unsigned int,high,-,-,1,1,0,触媒前O2センサー用ICドライバ(ATIC42)の診断バイト(バンク2)
LAVK_ATIC42_PIN_DIAG_B1,0x5C11,STAT_ATIC42_PINDIAGNOSE_SONDE_VOR_KAT_BANK_1_WERT,unsigned int,high,-,-,1,1,0,触媒前O2センサー用ICドライバのピン診断(バンク1)
LAVK_ATIC42_PIN_DIAG_B2,0x5C12,STAT_ATIC42_PINDIAGNOSE_SONDE_VOR_KAT_BANK_2_WERT,unsigned int,high,-,-,1,1,0,触媒前O2センサー用ICドライバのピン診断(バンク2)
VAN_IST_FILT_E1,0x5C13,STAT_VANOS_ISTPOSITION_EINLASS_BANK_1_WERT,signed int,high,°KW,-,1,10,0,VANOS吸気カムの実位置(バンク1)
VAN_IST_FILT_A1,0x5C14,STAT_VANOS_ISTPOSITION_AUSLASS_BANK_1_WERT,signed int,high,°KW,-,1,10,0,VANOS排気カムの実位置(バンク1)
VAN_IST_FILT_E2,0x5C15,STAT_VANOS_ISTPOSITION_EINLASS_BANK_2_WERT,signed int,high,°KW,-,1,10,0,VANOS吸気カムの実位置(バンク2)
VAN_IST_FILT_A2,0x5C16,STAT_VANOS_ISTPOSITION_AUSLASS_BANK_2_WERT,signed int,high,°KW,-,1,10,0,VANOS排気カムの実位置(バンク2)
VAN_SOLL_E1,0x5C17,STAT_VANOS_SOLLPOSITION_EINLASS_BANK_1_WERT,signed int,high,°KW,-,1,10,0,VANOS吸気カムの目標位置(バンク1)
VAN_SOLL_A1,0x5C18,STAT_VANOS_SOLLPOSITION_AUSLASS_BANK_1_WERT,signed int,high,°KW,-,1,10,0,VANOS排気カムの目標位置(バンク1)
VAN_SOLL_E2,0x5C19,STAT_VANOS_SOLLPOSITION_EINLASS_BANK_2_WERT,signed int,high,°KW,-,1,10,0,VANOS吸気カムの目標位置(バンク2)
VAN_SOLL_A2,0x5C1A,STAT_VANOS_SOLLPOSITION_AUSLASS_BANK_2_WERT,signed int,high,°KW,-,1,10,0,VANOS排気カムの目標位置(バンク2)
VAN_IST_ANSCHL_E1,0x5C1B,STAT_VANOS_GEMESSENER_ANSCHLAG_EINLASS_BANK_1_WERT,signed int,high,°KW,-,1,10,0,VANOS吸気カムの機械的端実測位置(バンク1)
VAN_IST_ANSCHL_A1,0x5C1C,STAT_VANOS_GEMESSENER_ANSCHLAG_AUSLASS_BANK_1_WERT,signed int,high,°KW,-,1,10,0,VANOS排気カムの機械的端(リミット)実測位置(バンク1)
VAN_IST_ANSCHL_E2,0x5C1D,STAT_VANOS_GEMESSENER_ANSCHLAG_EINLASS_BANK_2_WERT,signed int,high,°KW,-,1,10,0,VANOS吸気カムの機械的端実測位置(バンク2)
VAN_IST_ANSCHL_A2,0x5C1E,STAT_VANOS_GEMESSENER_ANSCHLAG_AUSLASS_BANK_2_WERT,signed int,high,°KW,-,1,10,0,VANOS排気カムの機械的端実測位置(バンク2)
DMTL_I_REF,0x5C1F,STAT_DMTL_REFERENZSTROM_WERT,unsigned int,high,mA,-,1,444,0,燃料タンクリーク診断(DMTL)ポンプ基準電流
DMTL_I_MIN,0x5C20,STAT_DMTL_MINIMALSTROM_WERT,unsigned int,high,mA,-,1,444,0,燃料タンクリーク診断(DMTL)ポンプ最小電流
DMTL_I_FILT,0x5C21,STAT_DMTL_GEFILTERTER_PUMPENSTROM_WERT,unsigned int,high,mA,-,1,444,0,燃料タンクリーク診断(DMTL)ポンプ電流(フィルタ後)
CAN_FST_SUM,0x5C22,STAT_TANKFUELLSTAND_WERT,unsigned int,high,L,-,1,2,0,燃料タンク残量(合計)
STATUS,0x5C23,STAT_FEHLER_STATUS_WERT,unsigned int,high,0-n,sys_ed_st_equ,1,1,0,システム全体の故障ステータス
ML_AQ_B1,0x5C26,STAT_LUFTMASSENSTROM_UEBER_DROSSELKLAPPEN-OEFFNUNG_BANK_1_WERT,signed int,high,kg/h,-,1,10,0,スロットル開口断面積(AQ)から推定した空気流量(バンク1)
ML_AQ_B2,0x5C27,STAT_LUFTMASSENSTROM_UEBER_DROSSELKLAPPEN-OEFFNUNG_BANK_2_WERT,signed int,high,kg/h,-,1,10,0,スロットル開口断面積(AQ)から推定した空気流量(バンク2)
ML_LAM_B1,0x5C28,STAT_LUFTMASSENSTROM_UEBER_LAMBDA_BANK_1_WERT,signed int,high,kg/h,-,1,10,0,ラムダ値から推定した空気流量(バンク1)
ML_LAM_B2,0x5C29,STAT_LUFTMASSENSTROM_UEBER_LAMBDA_BANK_2_WERT,signed int,high,kg/h,-,1,10,0,ラムダ値から推定した空気流量(バンク2)
LANK_DIAG_ST_B1,0x5C2A,STAT_ELEKTRISCHE_DIAGNOSE_NACH_KAT_BANK_1_WERT,unsigned int,high,0-n,lank_diag_equ,1,1,0,触媒後センサーの電気系診断状態(バンク1)
LANK_DIAG_ST_B2,0x5C2B,STAT_ELEKTRISCHE_DIAGNOSE_NACH_KAT_BANK_2_WERT,unsigned int,high,0-n,lank_diag_equ,1,1,0,触媒後センサーの電気系診断状態(バンク2)
LSHVK_DIAG_R_ADAPT_B1,0x5C2C,STAT_ADAPTIERT_GEMITTELTER_HEIZERWIDERSTAND_VOR_KAT_BANK_1_WERT,unsigned int,high,Ohm,-,1,10,0,触媒前O2センサーヒーター抵抗の学習平均値(バンク1)
LSHVK_DIAG_R_ADAPT_B2,0x5C2D,STAT_ADAPTIERT_GEMITTELTER_HEIZERWIDERSTAND_VOR_KAT_BANK_2_WERT,unsigned int,high,Ohm,-,1,10,0,触媒前O2センサーヒーター抵抗の学習平均値(バンク2)
LSHVK_B1_TV_KORR,0x5C2E,STAT_TASTVERHAELTNIS_SONDENHEIZUNG_KORRIGIERT_VOR_KAT_BANK_1_WERT,unsigned int,high,%,-,100,2048,0,触媒前O2センサーヒーター駆動デューティ比(補正後、バンク1)
LSHVK_B2_TV_KORR,0x5C2F,STAT_TASTVERHAELTNIS_SONDENHEIZUNG_KORRIGIERT_VOR_KAT_BANK_2_WERT,unsigned int,high,%,-,100,2048,0,触媒前O2センサーヒーター駆動デューティ比(補正後、バンク2)
LSHVK_B1_TEMP_IST,0x5C30,STAT_SONDEN_ISTTEMPERATUR_VOR_KAT_BANK_1_WERT,signed int,high,°C,-,1,1,0,触媒前O2センサーの実測温度(バンク1)
LSHVK_B2_TEMP_IST,0x5C31,STAT_SONDEN_ISTTEMPERATUR_VOR_KAT_BANK_2_WERT,signed int,high,°C,-,1,1,0,触媒前O2センサーの実測温度(バンク2)
LSHVK_B1_TEMP_SOLL,0x5C32,STAT_SONDEN_SOLLTEMPERATUR_VOR_KAT_BANK_1_WERT,signed int,high,°C,-,1,1,0,触媒前O2センサーの目標温度(バンク1)
LSHVK_B2_TEMP_SOLL,0x5C33,STAT_SONDEN_SOLLTEMPERATUR_VOR_KAT_BANK_2_WERT,signed int,high,°C,-,1,1,0,触媒前O2センサーの目標温度(バンク2)
LAM_REG_F_B1,0x5C34,STAT_LAMBDAREGLEREINGRIFF_VOR_KAT_BANK_1_WERT,unsigned int,high,-,-,1,32768,0,触媒前ラムダフィードバック制御の介入量(バンク1)
LAM_REG_F_B2,0x5C35,STAT_LAMBDAREGLEREINGRIFF_VOR_KAT_BANK_2_WERT,unsigned int,high,-,-,1,32768,0,触媒前ラムダフィードバック制御の介入量(バンク2)
LAA_F_BER_NV_B1,0x5C36,STAT_LAMBDAADAPTIONSFAKTOR_OHNE_TANKENTLUEFTUNG_VOR_KAT_BANK_1_WERT,unsigned int,high,-,-,1,32768,0,触媒前ラムダ学習係数(パージなし、バンク1)
LAA_F_BER_NV_B2,0x5C37,STAT_LAMBDAADAPTIONSFAKTOR_OHNE_TANKENTLUEFTUNG_VOR_KAT_BANK_2_WERT,unsigned int,high,-,-,1,32768,0,触媒前ラムダ学習係数(パージなし、バンク2)
LAA_OFFS_NV_B1,0x5C38,STAT_OFFSET_LAMBDAADAPTION_VOR_KAT_BANK_1_WERT,signed int,high,mg/ASP,-,1,64,0,触媒前ラムダ学習のオフセット値(バンク1)
LAA_OFFS_NV_B2,0x5C39,STAT_OFFSET_LAMBDAADAPTION_VOR_KAT_BANK_2_WERT,signed int,high,mg/ASP,-,1,64,0,触媒前ラムダ学習のオフセット値(バンク2)
LAA_F_B1,0x5C3A,STAT_LAMBDAADAPTIONSFAKTOR_MIT_TANKENTLUEFTUNG_VOR_KAT_BANK_1_WERT,unsigned int,high,-,-,1,32768,0,触媒前ラムダ学習係数(燃料蒸発ガスパージあり、バンク1)
LAA_F_B2,0x5C3B,STAT_LAMBDAADAPTIONSFAKTOR_MIT_TANKENTLUEFTUNG_VOR_KAT_BANK_2_WERT,unsigned int,high,-,-,1,32768,0,触媒前ラムダ学習係数(燃料蒸発ガスパージあり、バンク2)
LAM_W_B1_SOLL_ADD_KONV,0x5C3E,STAT_LAMBDASOLLWERT_PULSHUB_VOR_KAT_BANK_1_WERT,signed int,high,-,-,1,16384,0,触媒前ラムダ目標値の強制加振(パルス)量(バンク1)
LAM_W_B2_SOLL_ADD_KONV,0x5C3F,STAT_LAMBDASOLLWERT_PULSHUB_VOR_KAT_BANK_2_WERT,signed int,high,-,-,1,16384,0,触媒前ラムダ目標値の強制加振(パルス)量(バンク2)
LANK_LAM_B1,0x5C40,STAT_LAMBDAWERT_NACH_KAT_BANK_1_WERT,unsigned int,high,-,-,1,16384,0,触媒後のラムダ値(バンク1)
LANK_LAM_B2,0x5C41,STAT_LAMBDAWERT_NACH_KAT_BANK_2_WERT,unsigned int,high,-,-,1,16384,0,触媒後のラムダ値(バンク2)
KAT_OBD_INT_B1,0x5C42,STAT_MITTLERE_ABWEICHUNG_LAMBDAMITTELWERT_NACH_KAT_BANK_1_WERT,unsigned int,high,-,-,1,16384,0,触媒後ラムダ平均値の平均偏差(触媒診断用、バンク1)
KAT_OBD_INT_B2,0x5C43,STAT_MITTLERE_ABWEICHUNG_LAMBDAMITTELWERT_NACH_KAT_BANK_2_WERT,unsigned int,high,-,-,1,16384,0,触媒後ラムダ平均値の平均偏差(触媒診断用、バンク2)
FST_MAX_NV,0x5C44,STAT_FUELLSTAND_BEI_DIAGNOSEBEGINN_WERT,unsigned int,high,L,-,1,2,0,診断開始時点の燃料残量
FST_LINKS,0x5C45,STAT_GEBERWERT_LINKE_TANKHAELFTE_WERT,unsigned int,high,L,-,1,2,0,燃料タンク左側センダーの生値
FST_RECHTS,0x5C46,STAT_GEBERWERT_RECHTE_TANKHAELFTE_WERT,unsigned int,high,L,-,1,2,0,燃料タンク右側センダーの生値
BSD_ERROR_CNT_NV_0,0x5C47,STAT_BSD_FEHLERZAEHLER_IBS_WERT,unsigned int,high,-,-,1,1,0,バッテリーセンサー(IBS)とのBSD通信エラーカウンタ
BSD_ERROR_CNT_NV_4,0x5C48,STAT_BSD_FEHLERZAEHLER_OELSENSOR_WERT,unsigned int,high,-,-,1,1,0,オイルセンサーとのBSD通信エラーカウンタ
BSD_ERROR_CNT_NV_6,0x5C49,STAT_BSD_FEHLERZAEHLER_GENERATOR_WERT,unsigned int,high,-,-,1,1,0,オルタネーターとのBSD通信エラーカウンタ
LAVK_OBD_DYN_NORM_B1,0x5C4A,STAT_DYN_LSU_DIAGNOSE_NORMIERTES_INTEGRAL_-_VOR_KAT_BANK_1_WERT,unsigned int,high,-,-,1,16384,0,触媒前広域O2センサー動的診断の正規化積分値(バンク1)
LAVK_OBD_DYN_NORM_B2,0x5C4B,STAT_DYN_LSU_DIAGNOSE_NORMIERTES_INTEGRAL_-_VOR_KAT_BANK_2_WERT,unsigned int,high,-,-,1,16384,0,触媒前広域O2センサー動的診断の正規化積分値(バンク2)
TIME_BZ_NV,0x5C4C,STAT_DME_BETRIEBSSTUNDENZAEHLER_WERT,unsigned int,high,h,-,1,6,0,DME(エンジンECU)の累積稼働時間
LANK_ST_EIN_B1,0x5C4D,STAT_SONDENSTATUS_NACH_KAT_BANK_1_WERT,unsigned int,high,0-n,lank_st_equ,1,1,0,触媒後O2センサーの状態(バンク1)
LANK_ST_EIN_B2,0x5C4E,STAT_SONDENSTATUS_NACH_KAT_BANK_2_WERT,unsigned int,high,0-n,lank_st_equ,1,1,0,触媒後O2センサーの状態(バンク2)
LAM_B1_LAVK_ST,0x5C4F,STAT_SONDENSTATUS_VOR_KAT_BANK_1_WERT,unsigned int,high,0-n,lavk_st_equ,1,1,0,触媒前O2センサーの状態(バンク1)
LAM_B2_LAVK_ST,0x5C50,STAT_SONDENSTATUS_VOR_KAT_BANK_2_WERT,unsigned int,high,0-n,lavk_st_equ,1,1,0,触媒前O2センサーの状態(バンク2)
ABSCH_KORR,0x5C51,STAT_KORREKTURWERT_ABSCHALTUNG_WERT,signed int,high,-,-,50,32768,0,燃料カット/エンジン停止時の補正値
D_SOC,0x5C52,STAT_ABSTAND_ZUR_STARTFAEHIGKEITSGRENZE_WERT,signed int,high,-,-,100,32768,0,バッテリー残量の始動可能限界までの余裕
KAT_OBD_WERT_GESAMT_NV,0x5C55,STAT_KAT-KONVERTIERUNG_BANK_1_UND_BANK_2_WERT,unsigned int,high,-,-,1,16384,0,触媒の変換効率(バンク1+2合計)
ELU_PWM,0x5C58,STAT_ELEKTROLUEFTER_PWM-SIGNAL_WERT,unsigned int,high,%,-,1,1,0,電動ファンのPWM駆動信号(デューティ比)
ELU_FKT_ST,0x5C59,STAT_ELEKTROLUEFTER_FUNKTION_WERT,unsigned int,high,0-n,elu_fkt_equ,1,1,0,電動ファンの機能状態
STAT_SV_REG1,0x5C65,STAT_STATUS_STANDVERBRAUCHER_REGISTRIERT_WERT,unsigned int,high,0-n,svbr_1_equ,1,1,0,暗電流負荷(待機時消費機器)の登録状態
STAT_SV_REG2,0x5C66,STAT_STATUS_STANDVERBRAUCHER_REGISTRIERT_WERT,unsigned int,high,0-n,svbr_2_equ,1,1,0,暗電流負荷(待機時消費機器)の登録状態
T2HISTSHORT,0x5C67,STAT_ZEIT_MIT_RUHESTROM_80_-_200_MA_WERT,unsigned int,high,min,-,224,15,0,暗電流80〜200mA帯での経過時間(履歴)
T3HISTSHORT,0x5C68,STAT_ZEIT_MIT_RUHESTROM_200_-_1000_MA_WERT,unsigned int,high,min,-,224,15,0,暗電流200〜1000mA帯での経過時間(履歴)
T4HISTSHORT,0x5C69,STAT_ZEIT_MIT_RUHESTROM_>1000_MA_WERT,unsigned int,high,min,-,224,15,0,暗電流1000mA超過帯での経過時間(履歴)
U_GEN,0x5C6A,STAT_GENERATORSOLLSPANNUNG_WERT,unsigned int,high,V,-,1,10,0,オルタネーターの目標発電電圧
U_BATT,0x5C6B,STAT_BATTERIESPANNUNG_VOM_IBS_WERT,unsigned int,high,V,-,1,4000,6,バッテリー電圧(インテリジェント・バッテリーセンサー計測)
TN_ABSTELLM,0x5C6C,STAT_MOTORABSTELLZEIT_WERT,unsigned int,high,min,-,1,1,0,エンジン停止からの経過時間
IBSDERRS1,0x5C6D,STAT_FEHLERZAEHLER_IBS_BSD_KOMMUNIKATION_WERT,unsigned int,high,-,-,1,1,0,IBS(バッテリーセンサー)とのBSD通信エラーカウンタ
IBSDERRS2,0x5C6E,STAT_FEHLERZAEHLER_IBS_EBSD_KOMMUNIKATION_WERT,unsigned int,high,-,-,1,1,0,IBSとのEBSD通信エラーカウンタ
SLS_OBD_MAX,0x5C6F,STAT_MAXWERT_FUER_OBD-SEKUNDAERLUFT_WERT,signed int,high,-,-,1,1,0,二次空気システムOBD診断の上限しきい値
PABG_B1_DIF,0x5C70,STAT_RELATIVER_ABGASGEGENDRUCK_BANK_1_WERT,signed int,high,mbar,-,1,16,0,排気背圧の相対値(バンク1)
N_VAN_B1,0x5C72,STAT_EINLASS_NOCKENWELLEN-DREHZAHL_BANK_1_WERT,signed int,high,U/min,-,1,1,0,吸気カムシャフト回転数(バンク1)
N_VAN_B2,0x5C73,STAT_EINLASS_NOCKENWELLEN-DREHZAHL_BANK_2_WERT,signed int,high,U/min,-,1,1,0,吸気カムシャフト回転数(バンク2)
LSHVK_R_AD_GAIN_B1,0x5C74,STAT_ADAPTIONSFAKTOR_LAMBDASONDEN_INNENWIDERSTAND_BANK_1_WERT,unsigned int,high,-,-,1,1024,0,O2センサー内部抵抗の学習係数(バンク1)
LSHVK_R_AD_GAIN_B2,0x5C75,STAT_ADAPTIONSFAKTOR_LAMBDASONDEN_INNENWIDERSTAND_BANK_2_WERT,unsigned int,high,-,-,1,1024,0,O2センサー内部抵抗の学習係数(バンク2)
DMTL_ST,0x5C7A,STAT_TANKLECK_STATUS_WERT,unsigned int,high,0-n,dmtl_st_equ,1,1,0,燃料タンクリーク診断の状態
T_DIODE,0x5C7C,STAT_GENERATORDIODENTEMPERATUR_WERT,signed int,high,°C,-,1,10,0,オルタネーターのダイオード温度
MD_GENNM,0x5C7D,STAT_GEFILTERTES_GENERATORMOMENT_ABSOLUT_(AUSGANG)_WERT,signed int,high,Nm,-,1,10,0,オルタネーター負荷トルク(フィルタ後、出力側絶対値)
I_GEN,0x5C7E,STAT_GENERATORSTROM_WERT,signed int,high,A,-,1,1,0,オルタネーターの出力電流
TGEN_END,0x5C7F,STAT_GENERATORTEMPERATUR_WERT,signed int,high,°C,-,1,10,0,オルタネーターの温度
I_BATT,0x5C80,STAT_BATTERIESTROM_VON_IBS_GEMESSEN_WERT,signed int,high,A,-,2,25,-200,バッテリー電流(IBS計測)
T_BATT_IBS,0x5C81,STAT_BATTERIETEMPERATUR_WERT,signed int,high,°C,-,1,10,0,バッテリー温度(IBS計測)
KVA_Q_MOT,0x5C82,STAT_KRAFTSTOFFVERBRAUCH_MOTOR_WERT,signed int,high,l/h,-,1,8,0,エンジンの燃料消費量
SL_ML_MAX,0x5C84,STAT_SEKUNDAERER_MAX__LUFTMASSENSTROM_WERT,signed int,high,-,-,1,10,0,二次空気システムの最大空気流量
SL_ML_HFM_AD,0x5C85,STAT_SEKUNDAERLUFT_ANALOG-/DIGITALWANDLER-WERT_HFM_WERT,signed int,high,-,-,1,1,0,二次空気系エアフロメーターのAD変換値
TI_OUT_ZYL1,0x5C86,STAT_AUSGEGEBENE_EINSPRITZZEIT_ZYLINDER_1_WERT,unsigned int,high,ms,-,1,1000,0,気筒1の実噴射時間
TI_OUT_ZYL2,0x5C87,STAT_AUSGEGEBENE_EINSPRITZZEIT_ZYLINDER_2_WERT,unsigned int,high,ms,-,1,1000,0,気筒2の実噴射時間
TI_OUT_ZYL3,0x5C88,STAT_AUSGEGEBENE_EINSPRITZZEIT_ZYLINDER_3_WERT,unsigned int,high,ms,-,1,1000,0,気筒3の実噴射時間
TI_OUT_ZYL4,0x5C89,STAT_AUSGEGEBENE_EINSPRITZZEIT_ZYLINDER_4_WERT,unsigned int,high,ms,-,1,1000,0,気筒4の実噴射時間
TI_OUT_ZYL5,0x5C8A,STAT_AUSGEGEBENE_EINSPRITZZEIT_ZYLINDER_5_WERT,unsigned int,high,ms,-,1,1000,0,気筒5の実噴射時間
TI_OUT_ZYL6,0x5C8B,STAT_AUSGEGEBENE_EINSPRITZZEIT_ZYLINDER_6_WERT,unsigned int,high,ms,-,1,1000,0,気筒6の実噴射時間
TI_OUT_ZYL7,0x5C8C,STAT_AUSGEGEBENE_EINSPRITZZEIT_ZYLINDER_7_WERT,unsigned int,high,ms,-,1,1000,0,気筒7の実噴射時間
TI_OUT_ZYL8,0x5C8D,STAT_AUSGEGEBENE_EINSPRITZZEIT_ZYLINDER_8_WERT,unsigned int,high,ms,-,1,1000,0,気筒8の実噴射時間
TI_OUT_ZYL9,0x5C8E,STAT_AUSGEGEBENE_EINSPRITZZEIT_ZYLINDER_9_WERT,unsigned int,high,ms,-,1,1000,0,気筒9の実噴射時間
TI_OUT_ZYL10,0x5C8F,STAT_AUSGEGEBENE_EINSPRITZZEIT_ZYLINDER_10_WERT,unsigned int,high,ms,-,1,1000,0,気筒10の実噴射時間
TI_MKS_SOLL_ZYL1,0x5C90,STAT_SOLL-EINSPRITZMASSE_ZYLINDER_1_WERT,unsigned int,high,mg,-,1,64,0,気筒1の目標噴射量
TI_MKS_SOLL_ZYL6,0x5C91,STAT_SOLL-EINSPRITZMASSE_ZYLINDER_6_WERT,unsigned int,high,mg,-,1,64,0,気筒6の目標噴射量
WF_MKS_ZYL1,0x5C92,STAT_KRAFTSTOFFMASSE_AUS_WANDFILMMODELL_ZYLINDER_1_WERT,signed int,high,mg,-,1,64,0,壁面付着燃料(ウォールフィルム)モデルによる気筒1の燃料質量
WF_MKS_ZYL6,0x5C93,STAT_KRAFTSTOFFMASSE_AUS_WANDFILMMODELL_ZYLINDER_6_WERT,signed int,high,mg,-,1,64,0,壁面付着燃料モデルによる気筒6の燃料質量
WF_MKS_REL_1OF2_1OF5_,0x5C94,STAT_RELATIVER_EINGRIFF_D__WANDFILM-MODELLS_ZYLINDER_1_WERT,unsigned int,high,-,-,1,1024,0,ウォールフィルムモデルによる気筒1補正の相対介入量
WF_MKS_REL_2OF2_1OF5_,0x5C95,STAT_RELATIVER_EINGRIFF_D__WANDFILM-MODELLS_ZYLINDER_6_WERT,unsigned int,high,-,-,1,1024,0,ウォールフィルムモデルによる気筒6補正の相対介入量
WF_IST_ZYL1,0x5C98,STAT_WANDFILMISTMENGE_ZYLINDER_1_WERT,unsigned int,high,mg,-,1,32,0,気筒1の実ウォールフィルム量
WF_IST_ZYL6,0x5C99,STAT_WANDFILMISTMENGE_ZYLINDER_6_WERT,unsigned int,high,mg,-,1,32,0,気筒6の実ウォールフィルム量
VAN_I_E1,0x5C9E,STAT_VANOS_VENTIL-STROM_EINLASS_BANK_1_WERT,signed int,high,mA,-,1,1,0,VANOSソレノイドバルブ電流(吸気、バンク1)
VAN_I_A1,0x5C9F,STAT_VANOS_VENTIL-STROM_AUSLASS_BANK_1_WERT,signed int,high,mA,-,1,1,0,VANOSソレノイドバルブ電流(排気、バンク1)
VAN_I_E2,0x5CA0,STAT_VANOS_VENTIL-STROM_EINLASS_BANK_2_WERT,signed int,high,mA,-,1,1,0,VANOSソレノイドバルブ電流(吸気、バンク2)
VAN_I_A2,0x5CA1,STAT_VANOS_VENTIL-STROM_AUSLASS_BANK_2_WERT,signed int,high,mA,-,1,1,0,VANOSソレノイドバルブ電流(排気、バンク2)
CAN_FST_LI,0x5CA2,STAT_FUELLSTAND_TANK-LINKS_WERT,unsigned int,high,l,-,1,2,0,燃料タンク左側の残量
CAN_FST_RE,0x5CA3,STAT_FUELLSTAND_TANK-RECHTS_WERT,unsigned int,high,l,-,1,2,0,燃料タンク右側の残量
N_BEGR_TI,0x5CA4,STAT_DREHZAHLBEGRENZER_UEBER_EINSPRITZUNG_WERT,signed int,high,Upm,-,1,1,0,噴射カットによる回転数リミッター作動状態
LA_TRIM_LAM_SOLL_B1,0x5CA6,STAT_LAMBDA-SOLLWERT-OFFSET_DER_TRIMMREGELUNG_BANK_1_WERT,signed int,high,-,-,1,16384,0,触媒後ラムダ トリム制御による目標値オフセット(バンク1)
LA_TRIM_LAM_SOLL_B2,0x5CA7,STAT_LAMBDA-SOLLWERT-OFFSET_DER_TRIMMREGELUNG_BANK_2_WERT,signed int,high,-,-,1,16384,0,触媒後ラムダ トリム制御による目標値オフセット(バンク2)
LA_TRIM_I_B1,0x5CA8,STAT_WIRKENDER_I-ANTEIL_DER_TRIMMREGELUNG_BANK_1_WERT,signed int,high,-,-,1,16384,0,触媒後ラムダ トリム制御の実効I(積分)成分(バンク1)
LA_TRIM_I_B2,0x5CA9,STAT_WIRKENDER_I-ANTEIL_DER_TRIMMREGELUNG_BANK_2_WERT,signed int,high,-,-,1,16384,0,触媒後ラムダ トリム制御の実効I(積分)成分(バンク2)
LA_TRIM_I_GMW_B1,0x5CAA,STAT_GEMITTELTER_I-ANTEIL_DER_TRIMMREGELUNG_BANK_1_WERT,signed int,high,-,-,1,16384,0,触媒後ラムダ トリム制御I成分の平均値(バンク1)
LA_TRIM_I_GMW_B2,0x5CAB,STAT_GEMITTELTER_I-ANTEIL_DER_TRIMMREGELUNG_BANK_2_WERT,signed int,high,-,-,1,16384,0,触媒後ラムダ トリム制御I成分の平均値(バンク2)
LA_TRIM_I_AD_NV_B1,0x5CAC,STAT_ADAPTIERTER_I-ANTEIL_DER_TRIMMREGELUNG_BANK_1_WERT,signed int,high,-,-,1,16384,0,触媒後ラムダ トリム制御の学習積分(I)成分(バンク1)
LA_TRIM_I_AD_NV_B2,0x5CAD,STAT_ADAPTIERTER_I-ANTEIL_DER_TRIMMREGELUNG_BANK_2_WERT,signed int,high,-,-,1,16384,0,触媒後ラムダ トリム制御の学習積分(I)成分(バンク2)
LA_TRIM_P_F_B1,0x5CAE,STAT_REINER_P-ANTEIL_DER_TRIMMREGELUNG_BANK_1_WERT,unsigned int,high,-,-,1,16384,0,触媒後ラムダ トリム制御の純P(比例)成分(バンク1)
LA_TRIM_P_F_B2,0x5CAF,STAT_REINER_P-ANTEIL_DER_TRIMMREGELUNG_BANK_2_WERT,unsigned int,high,-,-,1,16384,0,触媒後ラムダ トリム制御の純P(比例)成分(バンク2)
LA_TRIM_US_DIFF_B1,0x5CB0,STAT_DIFFERENZ_DER_SONDENSPANNUNG_NACH_KAT_IST_ZU_SOLL_BANK_1_WERT,signed int,high,mV,-,5000,1024,0,触媒後センサー電圧の実測値と目標値の差(バンク1)
LA_TRIM_US_DIFF_B2,0x5CB1,STAT_DIFFERENZ_DER_SONDENSPANNUNG_NACH_KAT_IST_ZU_SOLL_BANK_2_WERT,signed int,high,mV,-,5000,1024,0,触媒後センサー電圧の実測値と目標値の差(バンク2)
LA_TRIM_USN_AEBG_B1,0x5CB2,STAT_AENDERUNGSBEGRENZTE_SOLL-SONDENSPANNUNG_NACH_KAT_BANK_1_WERT,unsigned int,high,mV,-,5000,1024,0,触媒後センサーの目標電圧(変化率制限後、バンク1)
LA_TRIM_USN_AEBG_B2,0x5CB3,STAT_AENDERUNGSBEGRENZTE_SOLL-SONDENSPANNUNG_NACH_KAT_BANK_2_WERT,unsigned int,high,mV,-,5000,1024,0,触媒後センサーの目標電圧(変化率制限後、バンク2)
ELUP_ST,0x5CB4,STAT_BETRIEB_ELEKTRISCHE_UNTERDRUCKPUMPE_WERT,unsigned int,high,-,-,1,1,0,電動負圧ポンプの動作状態
MVAC_ML_SR,0x5CB5,STAT_LUFTMASSENSTROM_SAUGROHR_ZU_MASTERVAC_BANK_2_WERT,signed int,high,kg/h,-,1,10,0,インマニからブレーキブースターへの空気流量(バンク2)
PUMG_ROH,0x5CB6,STAT_UMGEBUNGSDRUCK_ROHWERT_SENSOR_WERT,signed int,high,mbar,-,1,16,0,外気圧センサーの生値
PUMG_OBD_MODELL_MW,0x5CB7,STAT_UMGEBUNGSDRUCK_MITTELWERT_MODELL_WERT,signed int,high,mbar,-,1,16,0,外気圧モデル推定の平均値
PUMG_OBD_FILTER,0x5CB8,STAT_UMGEBUNGSDRUCK_GRADIENTENBASIERT_WERT,signed int,high,mbar,-,1,16,0,外気圧(変化率ベースのフィルタ値)
TE_C_AKF,0x5CBA,STAT_TANKENTLUEFTUNG_-_KONZENTRATION_AKTIVKOHLEFILTEER_WERT,unsigned int,high,-,-,1,16384,0,燃料蒸発ガスパージ:キャニスター内の推定燃料濃度
KATS_NKAT_T_NV_B1,0x5CBE,STAT_ZEIT_IM_KATSCHUTZ_WEGEN_NACH_KAT-TEMPERERATUR_BANK_1_WERT,unsigned int,high,s,-,1,10,0,触媒後温度による触媒保護モード継続時間(バンク1)
KATS_NKAT_T_NV_B2,0x5CBF,STAT_ZEIT_IM_KATSCHUTZ_WEGEN_NACH_KAT-TEMPERERATUR_BANK_2_WERT,unsigned int,high,s,-,1,10,0,触媒後温度による触媒保護モード継続時間(バンク2)
KATS_MDL_T_NV_B1,0x5CC0,STAT_ZEIT_IM_KATSCHUTZ_WEGEN_MODELLTEMPERERATUR_BANK_1_WERT,unsigned int,high,s,-,1,10,0,モデル温度による触媒保護モード継続時間(バンク1)
KATS_MDL_T_NV_B2,0x5CC1,STAT_ZEIT_IM_KATSCHUTZ_WEGEN_MODELLTEMPERERATUR_BANK_2_WERT,unsigned int,high,s,-,1,10,0,モデル温度による触媒保護モード継続時間(バンク2)
KATS_VKAT_T_NV_B1,0x5CC2,STAT_ZEIT_IM_KATSCHUTZ_WEGEN_VOR_KAT-TEMPERERATUR_BANK_1_WERT,unsigned int,high,s,-,1,10,0,触媒前温度による触媒保護モード継続時間(バンク1)
KATS_VKAT_T_NV_B2,0x5CC3,STAT_ZEIT_IM_KATSCHUTZ_WEGEN_VOR_KAT-TEMPERERATUR_BANK_2_WERT,unsigned int,high,s,-,1,10,0,触媒前温度による触媒保護モード継続時間(バンク2)
SCHALTER_KUPP_AD,0x5CC4,STAT_KUPPLUNGSSCHALTER_-_ANALOG-/DIGITALWANDLER-WERT_WERT,signed int,high,-,-,1,1,0,クラッチスイッチのAD変換値
SCHALTER_GETR_AD,0x5CC5,STAT_GETRIEBELEERGASSENSCHALTER_-_ANALOG-/DIGITALWANDLER-WERT_WERT,signed int,high,-,-,1,1,0,トランスミッション ニュートラルスイッチのAD変換値
OZ_NIVR,0x5CDF,STAT_ROHWERT_OELNIVEAUMESSUNG_VOM_SENSOR_WERT,unsigned int,high,mm,-,100,337,0,オイルレベルセンサーの生値
N_GETR_EIN_HS,0x5F46,STAT_GETRIEBEEINGANGSDREHZAHL_HANDSCHALTGETRIEBE_WERT,signed int,high,U/min,-,1,1,0,MT(マニュアルトランスミッション)の入力軸回転数
AFZ,0x5F48,STAT_BESCHLEUNIGUNG_FAHRZEUG_-_SENSOR_WERT,signed int,high,m/s*s,-,1,40,0,車両加速度センサーの値
AUSS_ERK_NS,0x5F49,STAT_ZUSTANDSVARIABLE_NEBENSCHLUSS_WERT,unsigned int,high,-,-,1,1,0,失火検知:配線短絡(バイパス)の状態変数
AUSS_ERK_TI,0x5F4A,STAT_ZUSTANDSVARIABLE_VERBRENNUNGSAUSSETZER_WERT,unsigned int,high,-,-,1,1,0,燃焼失火の検知状態変数
AUSS_ERK_TZ,0x5F4B,STAT_ZUSTANDSVARIABLE_ZUENDERKENNUNG_WERT,unsigned int,high,-,-,1,1,0,点火検知ロジックの状態変数
LLR_AD_MD_AC,0x5F4C,STAT_LEERLAUFREGLERADAPTION_KLIMAANTEIL_WERT,signed int,high,Nm,-,1,10,0,アイドル制御学習値(エアコン負荷分)
LLR_AD_MD,0x5F4D,STAT_LEERLAUFREGLERADAPTION_NORMALANTEIL_WERT,signed int,high,Nm,-,1,10,0,アイドル制御学習値(通常分)
LLR_AD_ZUSTAND,0x5F4E,STAT_LEERLAUFREGLERADAPTION_ZUSTAND_WERT,unsigned int,high,0-n,llr_ad_equ,1,1,0,アイドル制御学習の状態
LLR_MD_TZ,0x5F4F,STAT_LEERLAUFREGLER_ZUENDWINKELEINGRIFF_WERT,signed int,high,Nm,-,1,10,0,アイドル制御による点火時期介入トルク
LLR_MD_I,0x5F50,STAT_LEERLAUFREGLER_I-ANTEIL_WERT,signed int,high,Nm,-,1,10,0,アイドル制御の積分(I)成分トルク
LLR_N_DIFF,0x5F51,STAT_LEERLAUFREGELDIFFERENZ_WERT,signed int,high,U/min,-,1,1,0,アイドル回転数の目標値との偏差
MD_IND_ML_ST,0x5F52,STAT_MOMENTENFUEHRUNG_LUFTPFAD_WERT,unsigned int,high,0-n,eingr_equ,1,1,0,トルクマネジメント:空気系経路の介入状態
MD_IND_TZ_ST,0x5F53,STAT_MOMENTENFUEHRUNG_ZUENDWINKEL_WERT,unsigned int,high,0-n,eingr_equ,1,1,0,トルクマネジメント:点火時期経路の介入状態
MD_TZ_EINGR_AKTIV,0x5F54,STAT_STATUS_ZUENDWINKELEINGRIFF_WERT,unsigned int,high,-,-,1,1,0,点火時期介入の有効状態
MD_KUPP_WUNSCH,0x5F55,STAT_FAHRERWUNSCHMOMENT_WERT,signed int,high,Nm,-,1,10,0,ドライバー要求トルク(アクセル操作から算出)
MD_RF_SOLL_PT_RG_FR_B1,0x5F56,STAT_KORRIGIERTE_SOLLFUELLUNG_BANK_1_WERT,signed int,high,-,-,1,10000,0,補正後の目標充填率(バンク1)
MD_RF_SOLL_PT_RG_FR_B2,0x5F57,STAT_KORRIGIERTE_SOLLFUELLUNG_BANK_2_WERT,signed int,high,-,-,1,10000,0,補正後の目標充填率(バンク2)
MD_RES,0x5F58,STAT_MOMENTENRESERVE_WERT,signed int,high,Nm,-,1,10,0,トルクリザーブ(点火時期での即応予備トルク)
MD_KUPP_MIN_FILTER,0x5F59,STAT_MINIMALES_KUPPLUNGSMOMENT_WERT,signed int,high,Nm,-,1,10,0,クラッチの最小伝達トルク
FR_REG_OUT_B1,0x5F5A,STAT_FUELLUNGSREGLER_BANK_1_WERT,unsigned int,high,-,-,1,32768,0,充填率制御の出力値(バンク1)
FR_REG_OUT_B2,0x5F5B,STAT_FUELLUNGSREGLER_BANK_2_WERT,unsigned int,high,-,-,1,32768,0,充填率制御の出力値(バンク2)
TZ_VE_ZYL1,0x5F5D,STAT_ZUENDWINKEL_ZYL__1_VE_WERT,signed int,high,°KW,-,1,10,0,気筒1の点火時期(事前計算・VE値)
TZ_VE_ZYL6,0x5F5E,STAT_ZUENDWINKEL_ZYL__6_VE_WERT,signed int,high,°KW,-,1,10,0,気筒6の点火時期(事前計算・VE値)
TZ_ZYL1,0x5F5F,STAT_ZUENDWINKEL_ZYL__1_WERT,signed int,high,°KW,-,1,10,0,気筒1の実点火時期
TZ_ZYL6,0x5F60,STAT_ZUENDWINKEL_ZYL__6_WERT,signed int,high,°KW,-,1,10,0,気筒6の実点火時期
TUMG_OBD_ST,0x5F61,STAT_STEUERVARIABLE_UMGEBUNGSTEMPERATUR-DIAGNOSE_WERT,unsigned int,high,0-n,tumg_obd_equ,1,1,0,外気温センサー診断の制御変数
SMG_CAN_N_GETR_ZIEL,0x5F65,STAT_GETRIEBEZIELDREHZAHL_WERT,signed int,high,U/min,-,1,1,0,SMG(自動MT)の目標変速機回転数
EGAS_DK_B1_FAIL_ST,0x5F69,STAT_DROSSELKLAPPE_FEHLERSTATUS_BANK_1_WERT,unsigned int,high,0-n,egas_fail_equ,1,1,0,スロットルバルブの故障状態(バンク1)
EGAS_DK_B2_FAIL_ST,0x5F6A,STAT_DROSSELKLAPPE_FEHLERSTATUS_BANK_2_WERT,unsigned int,high,0-n,egas_fail_equ,1,1,0,スロットルバルブの故障状態(バンク2)
EGAS_LLS_B1_FAIL_ST,0x5F6B,STAT_LLS_FEHLERSTATUS_BANK_1_WERT,unsigned int,high,0-n,egas_fail_equ,1,1,0,アイドルアクチュエータの故障状態(バンク1)
EGAS_LLS_B2_FAIL_ST,0x5F6C,STAT_LLS_FEHLERSTATUS_BANK_2_WERT,unsigned int,high,0-n,egas_fail_equ,1,1,0,アイドルアクチュエータの故障状態(バンク2)
EGAS_SK_B1_FZUST_DK,0x5F6D,STAT_DROSSELKLAPPE_FEHLERZUSTAND_BANK_1_WERT,unsigned int,high,0-n,egas_fz_equ,1,1,0,スロットルバルブのセーフティ監視による故障状態(バンク1)
EGAS_SK_B2_FZUST_DK,0x5F6E,STAT_DROSSELKLAPPE_FEHLERZUSTAND_BANK_2_WERT,unsigned int,high,0-n,egas_fz_equ,1,1,0,スロットルバルブのセーフティ監視による故障状態(バンク2)
EGAS_SK_B1_ZUST_DK,0x5F6F,STAT_DROSSELKLAPPE_UEBERWACHUNG_BANK_1_WERT,unsigned int,high,0-n,egas_sk_equ,1,1,0,スロットルバルブの監視(モニタリング)状態(バンク1)
EGAS_SK_B2_ZUST_DK,0x5F70,STAT_DROSSELKLAPPE_UEBERWACHUNG_BANK_2_WERT,unsigned int,high,0-n,egas_sk_equ,1,1,0,スロットルバルブの監視(モニタリング)状態(バンク2)
EGAS_SK_B1_ZUST_LLS,0x5F71,STAT_LLS_UEBERWACHUNG_BANK_1_WERT,unsigned int,high,0-n,egas_sk_equ,1,1,0,アイドルアクチュエータの監視状態(バンク1)
EGAS_SK_B2_ZUST_LLS,0x5F72,STAT_LLS_UEBERWACHUNG_BANK_2_WERT,unsigned int,high,0-n,egas_sk_equ,1,1,0,アイドルアクチュエータの監視状態(バンク2)
KR_DTZ_ZYL1,0x5F87,STAT_ZUENDWINKELEINGRIFF_KLOPFREGELUNG_ZYL__1_WERT,signed int,high,°KW,-,1,10,0,気筒1のノックコントロールによる点火時期介入量
KR_DTZ_ZYL2,0x5F88,STAT_ZUENDWINKELEINGRIFF_KLOPFREGELUNG_ZYL__2_WERT,signed int,high,°KW,-,1,10,0,気筒2のノックコントロールによる点火時期介入量
KR_DTZ_ZYL3,0x5F89,STAT_ZUENDWINKELEINGRIFF_KLOPFREGELUNG_ZYL__3_WERT,signed int,high,°KW,-,1,10,0,気筒3のノックコントロールによる点火時期介入量
KR_DTZ_ZYL4,0x5F8A,STAT_ZUENDWINKELEINGRIFF_KLOPFREGELUNG_ZYL__4_WERT,signed int,high,°KW,-,1,10,0,気筒4のノックコントロールによる点火時期介入量
KR_DTZ_ZYL5,0x5F8B,STAT_ZUENDWINKELEINGRIFF_KLOPFREGELUNG_ZYL__5_WERT,signed int,high,°KW,-,1,10,0,気筒5のノックコントロールによる点火時期介入量
KR_DTZ_ZYL6,0x5F8C,STAT_ZUENDWINKELEINGRIFF_KLOPFREGELUNG_ZYL__6_WERT,signed int,high,°KW,-,1,10,0,気筒6のノックコントロールによる点火時期介入量
KR_DTZ_ZYL7,0x5F8D,STAT_ZUENDWINKELEINGRIFF_KLOPFREGELUNG_ZYL__7_WERT,signed int,high,°KW,-,1,10,0,気筒7のノックコントロールによる点火時期介入量
KR_DTZ_ZYL8,0x5F8E,STAT_ZUENDWINKELEINGRIFF_KLOPFREGELUNG_ZYL__8_WERT,signed int,high,°KW,-,1,10,0,気筒8のノックコントロールによる点火時期介入量
KR_DTZ_ZYL9,0x5F8F,STAT_ZUENDWINKELEINGRIFF_KLOPFREGELUNG_ZYL__9_WERT,signed int,high,°KW,-,1,10,0,気筒9のノックコントロールによる点火時期介入量
KR_DTZ_ZYL10,0x5F90,STAT_ZUENDWINKELEINGRIFF_KLOPFREGELUNG_ZYL__10_WERT,signed int,high,°KW,-,1,10,0,気筒10のノックコントロールによる点火時期介入量
KR_ST_ERK,0x5F91,STAT_ZUSTANDSVARIABLE_KLOPFERKENNUNG_WERT,unsigned int,high,-,-,1,1,0,ノック検知ロジックの状態変数
KA_ST_B1,0x5F92,STAT_AKTIVIERUNG_KLOPFADAPTION_BANK_1_WERT,unsigned int,high,0-n,ka_equ,1,1,0,ノック学習(適応)機能の有効化状態(バンク1)
KA_ST_B2,0x5F93,STAT_AKTIVIERUNG_KLOPFADAPTION_BANK_2_WERT,unsigned int,high,0-n,ka_equ,1,1,0,ノック学習(適応)機能の有効化状態(バンク2)
KR_ST_B1,0x5F94,STAT_AKTIVIERUNG_KLOPFREGELUNG_BANK_1_WERT,unsigned int,high,0-n,kr_equ,1,1,0,ノックコントロール機能の有効化状態(バンク1)
KR_ST_B2,0x5F95,STAT_AKTIVIERUNG_KLOPFREGELUNG_BANK_2_WERT,unsigned int,high,0-n,kr_equ,1,1,0,ノックコントロール機能の有効化状態(バンク2)
AUSS_SPARK_TIME_ZYL1,0x5F9A,STAT_FUNKENBRENNDAUER_ZYL__1_WERT,signed int,high,ms,-,1,7000,0,気筒1の点火火花持続時間
AUSS_SPARK_TIME_ZYL2,0x5F9B,STAT_FUNKENBRENNDAUER_ZYL__2_WERT,signed int,high,ms,-,1,7000,0,気筒2の点火火花持続時間
AUSS_SPARK_TIME_ZYL3,0x5F9C,STAT_FUNKENBRENNDAUER_ZYL__3_WERT,signed int,high,ms,-,1,7000,0,気筒3の点火火花持続時間
AUSS_SPARK_TIME_ZYL4,0x5F9D,STAT_FUNKENBRENNDAUER_ZYL__4_WERT,signed int,high,ms,-,1,7000,0,気筒4の点火火花持続時間
AUSS_SPARK_TIME_ZYL5,0x5F9E,STAT_FUNKENBRENNDAUER_ZYL__5_WERT,signed int,high,ms,-,1,7000,0,気筒5の点火火花持続時間
AUSS_SPARK_TIME_ZYL6,0x5F9F,STAT_FUNKENBRENNDAUER_ZYL__6_WERT,signed int,high,ms,-,1,7000,0,気筒6の点火火花持続時間
AUSS_SPARK_TIME_ZYL7,0x5FA0,STAT_FUNKENBRENNDAUER_ZYL__7_WERT,signed int,high,ms,-,1,7000,0,気筒7の点火火花持続時間
AUSS_SPARK_TIME_ZYL8,0x5FA1,STAT_FUNKENBRENNDAUER_ZYL__8_WERT,signed int,high,ms,-,1,7000,0,気筒8の点火火花持続時間
AUSS_SPARK_TIME_ZYL9,0x5FA2,STAT_FUNKENBRENNDAUER_ZYL__9_WERT,signed int,high,ms,-,1,7000,0,気筒9の点火火花持続時間
AUSS_SPARK_TIME_ZYL10,0x5FA3,STAT_FUNKENBRENNDAUER_ZYL__10_WERT,signed int,high,ms,-,1,7000,0,気筒10の点火火花持続時間
AUSS_N_ED,0x5FA4,STAT_MOTORDREHZAHL_BEI_AUSSETZER_WERT,signed int,high,U/min,-,1,1,0,失火発生時のエンジン回転数
AUSS_TZ_ED_ZYL1,0x5FA7,STAT_ZUENDWINKEL_ZYL__1_BEI_AUSSETZER_WERT,signed int,high,°KW,-,1,10,0,失火発生時の気筒1点火時期
AUSS_TZ_ED_ZYL2,0x5FA8,STAT_ZUENDWINKEL_ZYL__2_BEI_AUSSETZER_WERT,signed int,high,°KW,-,1,10,0,失火発生時の気筒2点火時期
AUSS_TZ_ED_ZYL3,0x5FA9,STAT_ZUENDWINKEL_ZYL__3_BEI_AUSSETZER_WERT,signed int,high,°KW,-,1,10,0,失火発生時の気筒3点火時期
AUSS_TZ_ED_ZYL4,0x5FAA,STAT_ZUENDWINKEL_ZYL__4_BEI_AUSSETZER_WERT,signed int,high,°KW,-,1,10,0,失火発生時の気筒4点火時期
AUSS_TZ_ED_ZYL5,0x5FAB,STAT_ZUENDWINKEL_ZYL__5_BEI_AUSSETZER_WERT,signed int,high,°KW,-,1,10,0,失火発生時の気筒5点火時期
AUSS_TZ_ED_ZYL6,0x5FAC,STAT_ZUENDWINKEL_ZYL__6_BEI_AUSSETZER_WERT,signed int,high,°KW,-,1,10,0,失火発生時の気筒6点火時期
AUSS_TZ_ED_ZYL7,0x5FAD,STAT_ZUENDWINKEL_ZYL__7_BEI_AUSSETZER_WERT,signed int,high,°KW,-,1,10,0,失火発生時の気筒7点火時期
AUSS_TZ_ED_ZYL8,0x5FAE,STAT_ZUENDWINKEL_ZYL__8_BEI_AUSSETZER_WERT,signed int,high,°KW,-,1,10,0,失火発生時の気筒8点火時期
AUSS_TZ_ED_ZYL9,0x5FAF,STAT_ZUENDWINKEL_ZYL__9_BEI_AUSSETZER_WERT,signed int,high,°KW,-,1,10,0,失火発生時の気筒9点火時期
AUSS_TZ_ED_ZYL10,0x5FB0,STAT_ZUENDWINKEL_ZYL__10_BEI_AUSSETZER_WERT,signed int,high,°KW,-,1,10,0,失火発生時の気筒10点火時期
TMOT_MODELL,0x5FBB,STAT_KUEHLMITTELTEMPERATUR_MODELL_WERT,signed int,high,°C,-,1,10,-273.2,冷却水温のモデル推定値
TAN_MODELL_B1,0x5FBC,STAT_ANSAUGLUFTTEMPERATUR_MODELL_GEFILTERT_BANK_1_WERT,signed int,high,°C,-,1,10,-273.2,吸気温度モデル推定値(フィルタ後、バンク1)
TAN_MODELL_B2,0x5FBD,STAT_ANSAUGLUFTTEMPERATUR_MODELL_GEFILTERT_BANK_2_WERT,signed int,high,°C,-,1,10,-273.2,吸気温度モデル推定値(フィルタ後、バンク2)
TAN_OBD_ST_NOW,0x5FBE,STAT_ANSAUGLUFTTEMPERATUR_PLAUSI_AKTUELLE_DIAGNOSE_WERT,unsigned int,high,0-n,tan_obd_equ,1,1,0,吸気温センサー妥当性診断の今回結果
TAN_OBD_ST_LAST,0x5FBF,STAT_ANSAUGLUFTTEMPERATUR_PLAUSI_LETZTE_DIAGNOSE_WERT,unsigned int,high,0-n,tan_obd_equ,1,1,0,吸気温センサー妥当性診断の前回結果
TIME_REL_DELTA,0x5FC0,STAT_DELTA_RELATIVZEIT_BEI_START_WERT,unsigned int,high,s,-,1,1,0,始動時の相対時間差分
PWG,0x5FC1,STAT_PEDALWERTGEBER_GEFILTERT_RELATIV_WERT,signed int,high,%,-,1,10,0,アクセルペダル開度(フィルタ後・相対値)
PWG1_ABS_ROH,0x5FC2,STAT_PEDALWERTGEBER_GEBER_1_ABSOLUTROHWERT_WERT,signed int,high,V,-,5,1024,0,アクセルペダルセンサー1の絶対生値(電圧)
PWG2_ABS_ROH,0x5FC3,STAT_PEDALWERTGEBER_GEBER_2_ABSOLUTROHWERT_WERT,signed int,high,V,-,5,2048,0,アクセルペダルセンサー2の絶対生値(電圧)
PWG1_ROH,0x5FC4,STAT_PEDALWERTGEBER_GEBER_1_RELATIVER_ROHWERT_WERT,signed int,high,%,-,1,10,0,アクセルペダルセンサー1の相対生値(開度%)
PWG2_ROH,0x5FC5,STAT_PEDALWERTGEBER_GEBER_2_RELATIVER_ROHWERT_WERT,signed int,high,%,-,1,10,0,アクセルペダルセンサー2の相対生値(開度%)
LLR_N_SOLL,0x5FC6,STAT_LEERLAUFSOLLDREHZAHL_WERT,signed int,high,U/min,-,1,1,0,アイドル目標回転数
FGR_FSP_CODE,0x5FD2,STAT_FGR_FEHLERSPEICHER-CODE_WERT,unsigned int,high,0-n,fgr_fsp_equ,1,1,0,クルーズコントロール(FGR)の故障コード
FGR_V_VEH_DIF,0x5FD3,STAT_FGR_REGLERDIFFERENZ-GESCHWINDIGKEIT_WERT,unsigned int,high,km/h,-,1,16384,0,クルーズコントロール速度制御の目標との偏差
MD_FW_FGR,0x5FD4,STAT_FGR_MOMENTEN-ANFORDERUNG_WERT,signed int,high,%,-,1,10,0,クルーズコントロールによるトルク要求
MD_FW_REL,0x5FD5,STAT_MOMENTEN-MANAGER_WUNSCHMOMENT_WERT,signed int,high,%,-,1,10,0,トルクマネージャーの要求トルク(相対値)
SCHALTER_BLS_COUNTER_NV,0x5FD6,STAT_HAEUFIGKEITSZAEHLER_BREMSE_WERT,unsigned int,high,-,-,16,1,0,ブレーキスイッチの作動回数カウンタ
SMG_SK_MODE,0x5FD7,STAT_SICHERHEITSKONZEPT_MODE_SMG_WERT,unsigned int,high,-,-,1,1,0,SMG(自動MT)用セーフティコンセプトのモード
MD_SK_MODE,0x5FD8,STAT_SICHERHEITSKONZEPT_MODE_MOMENTENMANAGER_WERT,unsigned int,high,-,-,1,1,0,トルクマネージャー用セーフティコンセプトのモード
SMG_CAN_M_KUPP_IST_ABS,0x5FD9,STAT_KUPPLUNGSISTMOMENT_WERT,signed int,high,Nm,-,1,10,0,クラッチの実伝達トルク(SMG)
SMG_CAN_MODUL,0x5FDA,STAT_SMG_MODULINDEX_WERT,unsigned int,high,0-n,smg_st_equ,1,1,0,SMG(自動MT)のモジュールインデックス
SMG_ST_DME,0x5FDB,STAT_SCHALTSTATUS_WERT,unsigned int,high,0-n,smg_modul_equ,1,1,0,変速(シフト)状態
SMG_CAN_KUPP__GETR_ST,0x5FDC,STAT_KUPPLUNGSTATUS_UND_GETRIEBSTATUS_WERT,unsigned int,high,-,-,1,1,0,クラッチ状態および変速機状態(SMG)
MD_KUPP_WUNSCH_GES,0x5FDD,STAT_GEFILTERTES_FAHRERWUNSCHMOMENT_WERT,signed int,high,Nm,-,1,10,0,フィルタ処理後のドライバー要求トルク
MD_KUPP_WUNSCH_TZ,0x5FDE,STAT_SOLLMOMENT_ZUENDWINKEL_WERT,signed int,high,Nm,-,1,10,0,点火時期用の目標トルク
SMG_CAN_N_GETR_EIN,0x5FDF,STAT_GETRIEBEDREHZAHL_WERT,signed int,high,U/min,-,1,1,0,変速機の回転数
EGAS_WDK_B1_ABS,0x5FE0,STAT_DROSSELKLAPPE_SPANNUNG_BANK_1_WERT,signed int,high,Volt,-,5,1024,0,スロットルポジションセンサー電圧(バンク1)
EGAS_WDK_B2_ABS,0x5FE1,STAT_DROSSELKLAPPE_SPANNUNG_BANK_2_WERT,signed int,high,Volt,-,5,1024,0,スロットルポジションセンサー電圧(バンク2)
EGAS_DK_B1_R_DIAG_ST,0x5FE2,STAT_DROSSELKLAPPE_DIAGNOSESTATUS_BANK_1_WERT,unsigned int,high,0-n,egas_diag_equ,1,1,0,スロットルバルブ抵抗系の診断状態(バンク1)
EGAS_DK_B2_R_DIAG_ST,0x5FE3,STAT_DROSSELKLAPPE_DIAGNOSESTATUS_BANK_2_WERT,unsigned int,high,0-n,egas_diag_equ,1,1,0,スロットルバルブ抵抗系の診断状態(バンク2)
EGAS_LLS_B1_R_DIAG_ST,0x5FE4,STAT_LEERLAUFSTELLER_DIAGNOSESTATUS_BANK_1_WERT,unsigned int,high,0-n,egas_diag_equ,1,1,0,アイドルアクチュエータ抵抗系の診断状態(バンク1)
EGAS_LLS_B2_R_DIAG_ST,0x5FE5,STAT_LEERLAUFSTELLER_DIAGNOSESTATUS_BANK_2_WERT,unsigned int,high,0-n,egas_diag_equ,1,1,0,アイドルアクチュエータ抵抗系の診断状態(バンク2)
EGAS_SK_B1_INIT_ANZ_DK,0x5FE6,STAT_DROSSELKLAPPE_ANZAHL_NEUINITIALISIERUNGEN_BANK_1_WERT,unsigned int,high,-,-,1,1,0,スロットルバルブの再初期化回数(バンク1)
EGAS_SK_B2_INIT_ANZ_DK,0x5FE7,STAT_DROSSELKLAPPE_ANZAHL_NEUINITIALISIERUNGEN_BANK_2_WERT,unsigned int,high,-,-,1,1,0,スロットルバルブの再初期化回数(バンク2)
EGAS_SK_B1_INIT_ANZ_LLS,0x5FE8,STAT_LEERLAUFSTELLER_ANZAHL_NEUINITIALISIERUNGEN_BANK_1_WERT,unsigned int,high,-,-,1,1,0,アイドルアクチュエータの再初期化回数(バンク1)
EGAS_SK_B2_INIT_ANZ_LLS,0x5FE9,STAT_LEERLAUFSTELLER_ANZAHL_NEUINITIALISIERUNGEN_BANK_2_WERT,unsigned int,high,-,-,1,1,0,アイドルアクチュエータの再初期化回数(バンク2)
INMOT,0x5800,STAT_MOTORDREHZAHL_WERT,signed int,high,1/min,-,1,1,0,エンジン回転数
SNLLD,0x5FC6,STAT_LEERLAUFDREHZAHL_SOLL_WERT,signed int,high,1/min,-,1,1,0,アイドル目標回転数
IUBAT,0x5803,STAT_UBATT_WERT,signed int,high,Volt,-,1,10,0,バッテリー電圧
IZUSTMOT,0x580B,STAT_MOTORZUSTAND_WERT,unsigned int,high,0-n,zust_equ,1,1,0,エンジンの状態(動作ステートマシン)
IMAKLI,0x582D,STAT_MAX_ANFORDERUNG_KLIMA_WERT,signed int,high,Nm,-,1,10,0,エアコン用の最大トルク要求
IMDKLI,0x5843,STAT_MOMENTENAUFNAHME_KLIMA_WERT,signed int,high,Nm,-,1,2,0,エアコンコンプレッサーの負荷トルク
IUPW1,0x5FC2,STAT_PWG1_SPANNUNG_WERT,signed int,high,V,-,5,1024,0,アクセルペダルセンサー1の電圧
IUPW2,0x5FC3,STAT_PWG2_SPANNUNG_WERT,signed int,high,V,-,5,2048,0,アクセルペダルセンサー2の電圧
IUDK1,0x5FE0,STAT_DK1_SPANNUNG_WERT,signed int,high,V,-,5,1024,0,スロットルポジションセンサー電圧(バンク1)
IUDK2,0x5FE1,STAT_DK2_SPANNUNG_WERT,signed int,high,V,-,5,1024,0,スロットルポジションセンサー電圧(バンク2)
ITKUM,0x5802,STAT_MOTORTEMPERATUR_WERT,signed int,high,°C,-,1,10,-273.2,エンジン(冷却水)温度
IPUMG,0x5825,STAT_UMGEBUNGSDRUCK_WERT,signed int,high,hPa,-,1,16,0,外気圧(大気圧)
ITANS,0x5807,STAT_ANSAUGLUFTTEMPERATUR_WERT,signed int,high,°C,-,1,10,-273.2,吸気温度センサー1の値
ITANS2,0x5808,STAT_ANSAUGLUFTTEMPERATUR2_WERT,signed int,high,°C,-,1,10,-273.2,吸気温度センサー2の値
ILMAQKG,0x5C26,STAT_LUFTMASSENSTROM_DROSSELKLAPPE_QUERSCHNITT_WERT,signed int,high,kg/h,-,1,10,0,スロットル開口断面積(AQ)から推定した空気流量(バンク1)
ILMAQKG2,0x5C27,STAT_LUFTMASSENSTROM_DROSSELKLAPPE_QUERSCHNITT2_WERT,signed int,high,kg/h,-,1,10,0,スロットル開口断面積(AQ)から推定した空気流量(バンク2)
ILMLAM,0x5C28,STAT_LUFTMASSE_LAMBDA_WERT,signed int,high,kg/h,-,1,10,0,ラムダ値から推定した空気流量(バンク1)
ILMLAM2,0x5C29,STAT_LUFTMASSE_LAMBDA2_WERT,signed int,high,kg/h,-,1,10,0,ラムダ値から推定した空気流量(バンク2)
ITUMG,0x581D,STAT_UMGEBUNGSTEMPERATUR_WERT,signed int,high,°C,-,1,10,-273.2,外気温度
ISSTN1,0x5C4D,STAT_SONDENSTATUS_NACHKAT_BANK1_WERT,unsigned int,high,0-n,lank_st_equ,1,1,0,触媒後O2センサーの状態(バンク1)
ISSTN2,0x5C4E,STAT_SONDENSTATUS_NACHKAT_BANK2_WERT,unsigned int,high,0-n,lank_st_equ,1,1,0,触媒後O2センサーの状態(バンク2)
ISSTV1,0x5C4F,STAT_SONDENSTATUS_VORKAT_BANK1_WERT,unsigned int,high,0-n,lavk_st_equ,1,1,0,触媒前O2センサーの状態(バンク1)
ISSTV2,0x5C50,STAT_SONDENSTATUS_VORKAT_BANK2_WERT,unsigned int,high,0-n,lavk_st_equ,1,1,0,触媒前O2センサーの状態(バンク2)
ILAMV1,0x5827,STAT_LAMBDA_VORKAT_BANK1_WERT,unsigned int,high,-,-,1,16384,0,触媒前ラムダの実測値(バンク1)
ILAMV2,0x5828,STAT_LAMBDA_VORKAT_BANK2_WERT,unsigned int,high,-,-,1,16384,0,触媒前ラムダの実測値(バンク2)
IRNZV1,0x5C0B,STAT_AD_WERT_WIDERSTAND_NERNSTZELLE_VORKAT_BANK1_WERT,unsigned int,high,mV,-,5000,1024,0,触媒前O2センサー ネルンストセル抵抗のAD値(バンク1)
IRNZV2,0x5C0C,STAT_AD_WERT_WIDERSTAND_NERNSTZELLE_VORKAT_BANK2_WERT,unsigned int,high,mV,-,5000,1024,0,触媒前O2センサー ネルンストセル抵抗のAD値(バンク2)
IRSHV1,0x5C0D,STAT_WIDERSTAND_SONDENHEIZUNG_VORKAT_BANK1_WERT,unsigned int,high,Ohm,-,1,10,0,触媒前O2センサーヒーターの抵抗値(バンク1)
IRSHV2,0x5C0E,STAT_WIDERSTAND_SONDENHEIZUNG_VORKAT_BANK2_WERT,unsigned int,high,Ohm,-,1,10,0,触媒前O2センサーヒーターの抵抗値(バンク2)
IRSHN1,0x5C04,STAT_WIDERSTAND_SONDENHEIZUNG_NACHKAT_BANK1_WERT,unsigned int,high,Ohm,-,1,10,0,触媒後O2センサーヒーターの抵抗値(バンク1)
IRSHN2,0x5C05,STAT_WIDERSTAND_SONDENHEIZUNG_NACHKAT_BANK2_WERT,unsigned int,high,Ohm,-,1,10,0,触媒後O2センサーヒーターの抵抗値(バンク2)
IUSN1,0x5C00,STAT_SONDENSPANNUNG_NACHKAT_BANK1_WERT,unsigned int,high,V,-,5,1024,0,触媒後O2センサー電圧(バンク1)
IUSN2,0x5C01,STAT_SONDENSPANNUNG_NACHKAT_BANK2_WERT,unsigned int,high,V,-,5,1024,0,触媒後O2センサー電圧(バンク2)
IINT1,0x5C34,STAT_INTEGRATOR_BANK1_WERT,unsigned int,high,-,-,1,32768,0,触媒前ラムダ制御の積分(I)成分(バンク1)
IINT2,0x5C35,STAT_INTEGRATOR_BANK2_WERT,unsigned int,high,-,-,1,32768,0,触媒前ラムダ制御の積分(I)成分(バンク2)
IADD1,0x5C38,STAT_ADAPTION_ADDITIV_BANK1_WERT,signed int,high,mg/ASP,-,1,64,0,触媒前ラムダ学習の加算(オフセット)成分(バンク1)
IADD2,0x5C39,STAT_ADAPTION_ADDITIV_BANK2_WERT,signed int,high,mg/ASP,-,1,64,0,触媒前ラムダ学習の加算(オフセット)成分(バンク2)
IMUL1,0x5C36,STAT_ADAPTION_MULTIPLIKATIV_BANK1_WERT,unsigned int,high,-,-,1,32768,0,触媒前ラムダ学習の乗算成分(バンク1)
IMUL2,0x5C37,STAT_ADAPTION_MULTIPLIKATIV_BANK2_WERT,unsigned int,high,-,-,1,32768,0,触媒前ラムダ学習の乗算成分(バンク2)
-,0x00XY,STAT_UNKNOWN_WERT,unsigned int,high,-,-,1,1,0,(未定義の測定値プレースホルダー)
